"CO.Sat.1";"CO.Sat.2";"CO.Sat.3";"CO.N.1";"CO.N.2";"CO.CO.1";"CO.CO.2";"CO.CO.3";"CO.CO.4";"CO.Sen.1";"CO.Sen.2";"CO.Sen.3";"IMC.Com.1";"IMC.Com.2";"IMC.Com.3";"IMC.TeamM.1";"IMC.TeamM.2";"IMC.TeamM.3";"IMC.TeamM.4";"IMC.TeamM.5";"IMC.TeamM.6";"IMC.TeamM.7";"IMC.TeamM.8";"IMC.TeamM.9";"IMC.TeamM.10";"IMC.TeamM.11";"IMC.Msg.1";"IMC.Msg.2";"IMC.Msg.3";"IMC.Msg.4";"IMC.Msg.5";"IMC.PersM.1";"IMC.PersM.2";"IMC.PersM.3";"IMC.PersM.4";"IMC.PersM.5";"IMC.Netw.1";"IMC.Netw.2";"IMC.Netw.3";"IMC.Netw.4";"IMC.Netw.5";"IMC.InCom.1";"IMC.InCom.2";"IMC.InCom.3";"IMC.InCom.4";"IME.Goal.1";"IME.Goal.2";"IME.Goal.3";"IME.Goal.4";"IME.Goal.5";"IME.Goal.6";"IME.Act.1";"IME.Act.2";"IME.Act.3";"IMS.Uti.1";"IMS.Uti.2";"IMS.Uti.3";"IMS.Uti.4";"IMS.Simp.1";"IMS.Simp.2";"IMS.Simp.3";"IMS.Inn.1";"IMS.Inn.2";"IMS.Inn.3";"IMCu.Sat.1";"IMCu.Sat.2";"IMCu.Sat.3";"IMCu.Sat.4";"IMCu.Sat.5";"IMCu.Cul.1";"IMCu.Cul.2";"IMCu.Cul.3";"IMCu.Cul.4";"IMCu.Cul.5";"IMCu.Cul.6";"IMCu.Cul.7";"IMCu.Cul.8";"IMCu.Cul.9";"IMCu.Cul.10";"IMCu.Cul.11";"IMCu.Eve.1";"IMCu.Eve.2";"IMCu.Eve.3";"IMCu.Eve.4";"IMCu.Eve.5";"RW.Set.1";"RW.Set.2";"RW.Set.3";"RW.Set.4";"RW.Set.5";"RW.Atm.1";"RW.Atm.2";"RW.Atm.3";"RW.Atm.4";"RW.Iso.1";"RW.Iso.2";"RW.Iso.3";"RW.Iso.4";"RW.Iso.5";"RW.Iso.6";"RW.Sup.1";"RW.Sup.2";"RW.Sup.3";"FB.1";"FB.3";"FB.4";"FB.5";"FB.6";"SD.1";"SD.2";"SD.3";"SD.4"
"1";4;4;5;4;5;3;4;4;3;4;3;3;1;1;0;4;3;2;4;1;4;3;4;4;2;3;4;4;5;4;5;2;3;2;2;3;4;4;3;2;2;4;3;4;4;2;4;2;3;3;2;4;3;4;1;4;5;5;1;2;4;4;2;4;5;3;3;3;3;4;4;1;2;5;4;5;3;4;3;4;3;4;3;4;3;2;4;4;4;5;1;0;4;5;0;0;1;1;1;1;5;4;5;2;2;3;5;3;2;2;2;1
"2";3;5;4;5;5;2;4;4;4;5;3;3;5;4;5;0;4;4;5;5;5;5;4;5;4;5;3;3;2;2;2;3;2;2;2;2;5;4;5;2;2;5;4;5;5;5;4;5;5;5;5;5;4;4;5;4;4;5;4;4;4;5;4;4;5;5;5;4;4;5;5;5;4;4;4;5;5;5;5;5;4;4;4;4;5;5;5;2;2;3;3;0;4;4;1;1;0;0;1;3;4;4;4;1;0;0;0;0;1;2;2;4
"3";2;5;4;5;5;4;5;4;5;2;3;2;1;3;5;3;4;4;4;5;5;4;4;4;4;4;4;5;1;1;3;4;4;4;4;3;3;4;4;3;3;3;2;3;2;3;4;3;2;5;4;1;1;1;2;3;4;5;2;3;2;3;4;4;4;4;3;4;3;4;4;3;3;5;5;4;4;1;5;4;1;0;1;0;4;5;4;4;4;5;2;0;4;4;1;1;0;1;1;2;4;5;4;1;0;0;0;0;1;2;2;4
"4";4;4;5;4;4;5;4;4;5;2;3;2;3;3;4;4;3;4;3;5;5;3;4;4;4;3;5;5;5;5;4;4;4;5;4;5;3;4;4;5;5;4;5;4;4;2;2;2;2;1;2;2;1;2;4;5;4;5;5;4;5;3;1;5;4;3;4;3;4;3;4;4;3;5;5;5;4;3;4;4;3;4;2;4;3;2;4;4;5;2;4;3;5;4;3;4;4;4;5;4;4;3;4;2;4;5;3;2;2;1;2;1
"5";5;5;5;5;4;2;4;5;5;5;5;5;2;3;3;2;4;5;5;5;5;5;5;5;5;5;5;5;5;5;3;5;5;5;4;5;4;5;5;2;3;5;5;5;4;4;5;4;4;4;4;4;4;4;2;5;5;5;5;5;5;5;5;5;4;3;4;2;3;3;3;4;2;3;5;2;3;2;4;4;4;5;4;5;5;3;5;5;5;5;2;2;5;5;3;4;5;1;5;5;5;5;5;2;3;5;3;3;1;1;2;3
"6";4;3;5;5;4;4;4;4;4;3;3;5;3;5;4;4;3;4;5;4;5;5;4;4;5;4;4;4;5;5;2;4;5;4;5;4;5;5;3;2;2;3;4;4;4;3;3;3;3;4;4;2;3;3;4;4;4;4;4;2;3;2;1;4;3;3;3;4;5;5;4;3;3;5;4;4;3;1;4;5;2;5;4;1;2;0;3;2;2;2;3;1;5;5;2;5;4;4;3;4;4;4;4;2;4;5;4;5;2;1;1;3
"7";4;3;5;4;4;4;5;5;4;2;4;3;3;3;2;4;4;5;5;3;5;5;5;4;4;5;4;5;4;4;4;3;4;5;4;4;4;4;4;4;4;4;3;5;3;2;4;3;3;1;5;3;2;2;3;2;2;3;3;4;4;1;0;5;4;4;1;4;5;5;2;1;5;5;5;2;2;1;3;2;4;5;2;4;4;0;4;2;2;3;1;0;4;4;1;1;1;0;1;2;5;4;4;2;2;5;3;1;2;2;2;2
"8";2;2;2;2;2;2;2;1;1;1;1;1;1;1;2;1;1;1;1;2;2;1;2;1;2;1;1;2;2;1;2;2;2;2;2;2;2;1;2;2;1;2;2;2;2;2;2;2;2;1;2;1;1;2;2;2;2;2;1;2;1;2;2;2;2;2;1;1;2;2;2;2;2;2;2;1;1;1;2;2;2;2;2;2;2;1;2;2;2;2;2;1;2;2;1;1;2;2;2;2;2;2;2;2;4;4;4;4;2;2;2;1
"9";4;5;5;5;5;5;5;5;5;4;5;5;5;5;4;2;4;4;5;5;5;5;5;5;5;5;5;5;2;2;3;5;5;5;5;5;5;5;5;5;5;5;5;5;5;5;5;5;5;4;5;5;5;5;4;5;5;5;4;4;4;5;5;5;5;5;5;5;5;5;5;4;4;5;5;3;3;4;5;5;4;5;5;5;5;2;5;4;5;5;1;2;5;3;3;2;2;2;1;3;4;4;4;2;4;5;4;4;1;1;3;3
"10";4;3;3;4;4;5;3;4;4;3;3;3;4;3;4;3;4;3;5;4;3;4;5;3;3;3;4;3;4;4;4;4;4;4;3;3;3;4;4;4;4;3;3;3;3;3;3;3;4;3;2;2;2;2;4;4;4;4;4;4;4;3;4;4;2;3;3;4;4;3;4;3;3;4;4;3;3;3;3;3;3;3;2;4;4;5;4;4;5;4;4;1;4;5;3;2;3;2;3;3;4;4;4;1;0;0;0;0;1;1;2;0
"11";5;5;5;4;3;2;3;4;4;5;4;5;1;3;2;1;3;5;5;5;5;4;4;5;5;4;4;4;4;5;3;5;5;5;4;4;3;5;5;2;3;5;4;4;3;4;4;4;3;3;4;3;3;3;2;4;4;4;5;4;5;4;4;4;4;2;3;1;3;2;2;3;2;3;4;2;3;2;4;3;3;4;3;4;4;3;4;5;4;4;1;2;4;5;2;4;4;1;5;4;5;4;4;2;3;5;2;2;1;1;2;3
"12";1;2;2;2;1;1;2;1;0;1;0;1;1;0;2;1;1;0;1;2;2;1;1;0;2;1;1;1;2;1;1;2;2;1;1;2;1;1;2;2;0;2;2;2;2;2;1;1;1;1;1;0;0;2;2;1;2;1;0;2;1;2;2;1;1;2;1;1;1;1;1;2;2;2;1;0;1;0;1;2;1;1;2;1;1;1;2;1;2;2;2;1;1;1;0;1;1;1;1;2;1;1;1;2;4;4;4;3;2;2;2;1
"13";3;5;3;5;4;5;4;4;4;2;4;2;1;2;4;3;5;5;4;4;4;4;5;4;4;5;4;4;1;1;3;4;5;4;5;4;3;4;5;4;4;2;1;3;2;2;4;2;2;4;3;2;1;1;2;3;4;5;1;2;2;2;3;4;3;3;3;3;4;4;5;3;4;4;4;4;4;1;5;4;1;0;0;0;4;5;4;5;5;4;1;1;4;4;0;1;1;0;0;2;4;5;4;1;0;0;0;0;1;2;2;4
"14";4;5;5;5;5;3;3;4;4;3;3;3;3;2;3;2;4;5;4;5;4;5;4;5;4;5;2;3;5;5;3;5;4;4;4;4;3;5;4;4;5;5;5;3;3;4;4;4;3;3;5;4;4;2;3;5;5;4;4;4;5;4;3;4;5;4;3;5;4;4;5;4;4;4;3;2;2;5;4;4;3;5;4;3;4;2;4;3;4;1;3;0;4;5;4;2;3;3;2;3;4;5;5;1;0;0;0;0;1;1;2;3
"15";3;4;5;5;5;5;5;4;2;4;4;4;4;3;2;4;4;5;5;4;3;3;5;1;4;4;4;5;4;4;4;5;5;4;4;4;5;5;3;1;1;4;5;5;4;5;5;5;4;2;2;4;5;2;4;4;4;4;4;4;5;3;1;5;5;4;4;4;3;4;3;5;5;5;5;3;3;4;5;5;1;5;5;2;3;4;5;5;5;5;1;1;5;5;2;5;1;5;1;1;5;5;5;1;0;0;0;0;2;1;2;4
"16";5;4;5;5;5;5;5;5;5;3;5;4;4;4;3;4;5;5;5;3;5;5;5;5;4;5;5;5;5;5;4;4;5;5;4;5;5;5;5;5;4;5;3;5;3;3;4;4;3;1;5;4;3;2;4;3;3;4;4;4;5;1;1;5;5;4;1;5;5;5;3;2;5;5;5;3;3;2;4;3;5;5;3;5;5;0;5;3;3;3;1;1;5;5;1;1;1;1;1;3;5;5;5;2;3;5;3;2;2;2;2;2
"17";3;5;4;5;5;5;5;5;5;3;4;3;2;3;5;3;5;5;5;5;5;5;5;5;5;5;4;5;2;2;3;5;5;5;5;4;4;5;5;4;4;3;2;3;2;3;4;3;2;5;4;2;2;1;3;3;4;5;2;3;2;3;4;5;4;4;4;4;4;5;5;4;4;5;5;5;5;1;5;5;1;1;1;1;4;5;5;5;5;5;2;1;5;5;1;1;1;1;1;2;5;5;5;1;0;0;0;0;1;2;2;4
"18";2;3;5;4;5;4;4;3;2;3;3;4;3;3;1;3;3;5;4;4;3;3;4;0;4;3;4;4;3;3;3;4;5;4;4;3;4;4;3;1;1;3;4;5;4;4;4;5;3;2;2;4;5;1;4;3;3;4;4;4;4;3;1;5;4;4;4;3;3;4;3;4;5;5;4;3;2;3;5;4;0;5;4;2;3;4;4;4;4;4;1;1;4;5;1;5;0;4;1;0;5;5;4;1;0;0;0;0;2;1;2;4
"19";5;4;5;4;4;4;4;3;3;3;4;4;2;3;4;2;4;4;4;4;5;5;4;4;5;4;5;2;0;0;1;5;5;4;4;5;5;3;3;4;3;2;5;2;3;5;5;4;5;4;4;4;4;5;5;5;5;5;4;4;4;5;3;4;4;5;4;5;5;5;5;5;5;4;5;5;4;4;5;5;4;5;3;4;5;0;5;0;1;1;3;0;5;4;4;2;5;4;4;5;4;4;5;2;4;4;3;3;1;2;2;3
"20";5;3;5;4;4;5;5;5;5;3;4;4;4;4;3;1;4;4;5;1;1;5;5;5;5;1;5;1;3;3;3;3;3;3;3;3;5;5;5;5;5;5;5;5;2;3;4;3;4;1;4;3;3;3;4;4;4;4;3;4;5;4;3;4;3;3;3;3;3;3;4;4;4;4;5;5;5;3;4;5;3;4;3;4;3;5;4;4;4;4;2;1;5;5;3;2;3;2;2;4;3;3;3;2;4;4;4;4;1;2;2;0
"21";4;2;2;3;4;4;4;5;4;2;2;1;3;2;3;5;3;4;4;4;4;5;3;4;3;5;5;5;5;5;4;4;4;5;4;5;4;3;2;3;4;5;5;3;2;4;4;3;3;3;4;5;3;4;5;4;5;4;4;5;5;3;5;4;2;2;2;2;3;2;2;3;2;3;4;3;2;1;3;4;3;4;3;3;3;5;5;4;4;5;2;1;4;4;3;1;3;1;2;4;4;5;4;1;0;0;0;0;1;3;2;4
"22";3;3;4;3;2;4;5;4;4;3;2;2;2;3;3;2;3;4;5;5;4;3;2;5;5;4;2;3;3;3;4;4;3;4;3;3;5;5;4;3;3;4;4;4;5;2;4;4;3;3;3;4;3;3;2;4;3;4;4;3;3;3;2;3;4;4;4;4;4;4;4;3;4;4;5;4;3;3;4;5;3;2;2;2;3;0;2;2;2;3;3;3;5;4;4;3;3;4;4;4;3;3;4;2;3;4;4;4;2;2;2;0
"23";4;5;5;4;5;3;5;5;5;3;3;3;3;3;5;4;4;5;4;5;4;4;4;5;3;5;4;5;5;5;4;5;4;4;3;3;3;3;4;4;3;4;3;3;2;4;4;4;3;3;5;4;3;2;4;4;4;4;3;3;5;3;1;3;4;2;2;4;4;3;3;2;4;5;4;3;1;1;4;4;2;4;2;2;4;2;4;3;3;3;2;1;5;4;2;2;4;4;2;2;5;5;5;2;3;4;4;4;1;5;2;4
"24";1;4;4;5;5;5;5;5;5;4;4;4;4;4;4;4;4;5;5;5;4;5;5;5;4;5;5;1;3;3;3;1;1;1;1;1;5;5;3;4;4;5;1;3;2;4;4;4;2;1;5;1;1;5;3;5;5;5;4;4;5;3;3;5;4;3;3;5;4;5;3;1;2;5;5;4;3;2;5;5;3;5;2;3;1;5;5;5;5;5;1;1;5;5;1;1;1;1;1;1;5;5;5;1;0;0;0;0;1;2;2;4
"25";4;5;4;5;4;2;4;5;5;4;5;5;1;2;3;2;4;5;4;4;4;4;5;4;4;5;4;5;5;5;2;4;5;4;4;5;3;5;4;2;2;5;5;5;3;3;5;3;4;4;3;3;4;3;1;4;5;4;5;5;4;4;5;4;3;3;3;2;2;2;2;4;2;2;4;2;3;1;4;3;3;4;4;5;5;3;4;5;4;5;2;2;5;4;3;3;5;0;4;5;4;4;4;2;3;4;3;3;1;1;2;3
"26";4;2;3;3;3;4;5;4;4;1;1;1;4;2;4;4;3;5;5;5;4;5;3;3;4;4;4;5;5;5;4;3;5;5;4;5;3;3;2;4;3;5;4;4;3;3;4;3;3;4;4;4;3;4;5;4;4;4;4;4;4;4;5;4;2;2;2;3;4;3;2;3;2;4;3;3;3;1;3;4;3;5;3;3;3;5;4;5;5;5;3;0;4;4;4;2;3;1;2;4;4;5;4;1;0;0;0;0;1;3;2;4
"27";3;3;4;3;3;4;4;3;5;2;3;3;3;3;3;2;4;5;4;4;5;3;2;4;4;3;3;3;3;2;4;3;3;3;4;3;5;4;4;4;3;4;4;4;4;2;3;4;3;3;3;5;4;4;2;4;2;4;5;4;3;4;2;4;4;3;4;4;3;3;3;3;5;5;4;3;3;3;4;4;3;2;2;2;3;0;2;2;1;2;3;2;5;5;3;2;3;3;3;3;4;3;3;2;3;4;4;4;2;2;2;0
"28";5;5;5;5;5;5;5;5;5;3;4;5;3;2;3;3;4;4;4;2;4;4;4;4;3;4;4;5;4;3;4;3;3;4;5;4;4;5;5;4;4;3;5;4;4;4;5;4;4;3;5;5;5;5;4;4;5;5;3;2;4;5;5;5;5;4;4;5;5;4;5;4;4;5;4;3;1;2;3;2;5;5;4;5;4;0;4;2;1;2;3;4;3;5;3;4;5;5;5;5;5;5;5;2;3;5;4;5;2;3;2;3
"29";3;4;4;3;4;4;4;5;5;3;3;3;1;1;1;3;2;3;4;5;2;2;4;4;2;3;3;5;5;4;4;3;2;2;3;3;2;3;5;2;1;5;3;3;3;1;5;4;1;1;0;1;2;2;3;3;4;4;3;3;4;4;3;2;1;2;0;1;1;2;2;1;1;4;4;5;5;2;3;2;1;4;3;4;3;2;1;4;5;5;1;0;5;5;0;0;0;0;0;0;2;2;2;1;0;0;0;0;1;1;2;4
"30";3;4;4;3;3;5;3;3;4;2;3;1;2;2;3;4;2;3;3;5;4;3;4;3;3;3;5;5;5;5;3;4;4;4;4;4;2;3;4;5;5;4;5;3;3;2;2;1;1;0;2;1;1;2;4;5;3;5;5;3;5;2;1;5;4;2;3;3;4;2;3;3;2;4;5;5;4;2;4;4;2;3;2;3;3;5;3;4;4;2;3;2;5;4;3;4;4;3;4;3;4;2;4;2;4;5;3;2;2;1;2;1
"31";4;4;5;4;4;3;5;5;5;2;2;2;2;1;1;4;3;4;2;1;2;2;4;4;3;4;2;2;2;2;2;4;3;4;4;3;4;2;5;4;2;2;2;4;4;3;2;2;4;4;3;3;2;5;4;2;3;3;2;2;4;2;2;5;1;1;2;3;1;2;2;1;3;3;4;3;3;3;2;1;3;4;3;3;2;1;4;2;2;3;2;2;4;5;1;1;3;2;3;3;5;5;5;1;0;0;0;0;2;2;2;3
"32";3;2;2;4;4;3;5;5;4;1;2;1;4;2;3;4;3;4;4;5;5;5;4;3;4;4;5;4;5;4;5;4;4;4;4;4;4;4;2;3;3;4;4;3;2;3;3;3;2;4;5;5;4;3;4;4;5;4;4;5;5;4;4;5;3;2;2;3;3;2;2;2;2;4;4;3;3;1;4;4;3;5;4;4;3;5;4;4;4;4;2;1;5;5;4;2;3;1;3;3;4;5;3;1;0;0;0;0;1;3;2;4
"33";3;5;5;5;5;3;5;5;5;5;3;3;5;5;5;1;5;5;5;5;5;5;5;5;5;5;3;3;3;3;3;3;3;3;3;3;5;5;5;3;3;5;5;5;5;5;5;5;5;5;5;5;5;5;5;5;5;5;5;5;5;5;5;5;5;5;5;5;5;5;5;5;5;5;5;5;5;5;5;5;5;5;5;5;5;5;5;3;3;3;3;1;4;5;1;1;1;1;1;3;5;5;5;1;0;0;0;0;1;2;2;4
"34";1;4;4;5;4;4;5;5;5;4;4;3;3;4;3;4;4;5;4;5;4;5;5;5;4;5;4;1;3;2;3;1;1;0;1;1;4;5;2;3;3;5;1;2;2;3;4;4;1;1;4;1;0;4;3;5;5;5;4;3;5;3;3;4;3;2;2;4;3;5;2;0;1;4;4;4;2;2;4;4;3;4;1;3;0;5;5;5;5;5;1;1;4;4;0;0;0;1;0;0;5;4;5;1;0;0;0;0;1;2;2;4
"35";3;5;5;4;4;4;4;4;5;4;4;4;5;4;3;2;3;3;4;5;4;5;4;5;5;4;4;4;2;2;3;5;4;5;4;4;5;4;5;4;5;5;5;5;5;5;4;4;5;4;5;4;4;5;4;5;4;4;4;4;3;4;4;5;5;4;4;4;4;5;5;4;3;5;4;3;2;3;5;4;3;4;5;5;5;2;4;3;4;4;1;1;5;2;3;2;1;1;1;2;4;4;3;2;3;4;3;3;1;1;3;3
"36";5;5;4;4;4;5;5;5;5;3;4;4;5;5;4;0;4;5;4;4;5;5;4;4;5;5;4;5;3;3;3;5;4;4;3;5;4;4;4;5;5;4;4;1;4;3;3;3;3;4;4;3;3;3;4;5;5;5;4;5;5;4;4;4;3;3;4;4;4;3;2;5;3;5;5;4;2;2;4;4;5;3;2;3;3;2;5;2;5;3;1;1;4;4;1;1;1;1;1;1;4;5;5;1;0;0;0;0;1;2;2;4
"37";4;4;5;4;5;5;5;5;4;3;5;3;3;4;3;3;4;4;4;3;5;4;4;4;4;5;4;4;5;5;3;4;5;5;4;4;4;5;5;5;3;5;3;5;3;3;4;3;2;0;5;4;3;2;4;3;2;4;3;3;5;1;0;4;5;3;0;5;5;4;3;2;4;4;5;2;2;2;4;2;5;4;2;4;5;0;5;2;3;3;0;0;5;5;1;1;1;0;1;2;4;5;5;2;2;5;3;2;2;2;2;2
"38";3;3;5;5;5;4;4;4;1;3;3;3;4;3;1;4;3;4;4;3;3;2;4;1;4;4;4;5;3;3;3;5;5;4;3;3;5;5;3;1;1;4;5;4;3;5;5;5;3;2;1;4;5;1;3;4;3;4;4;4;5;3;0;4;5;4;4;4;3;3;3;5;4;4;5;2;2;4;5;5;1;5;5;1;2;4;5;4;4;4;1;1;4;5;1;5;0;5;0;0;4;5;4;1;0;0;0;0;2;1;2;4
"39";4;3;4;5;5;2;4;5;5;2;4;3;2;1;1;4;4;5;4;4;2;3;4;4;1;4;3;5;5;5;4;2;3;3;4;5;5;4;4;4;4;3;5;4;4;2;4;5;3;4;5;4;2;4;4;4;3;4;2;4;4;4;3;4;4;5;3;3;4;5;4;2;4;3;3;5;5;3;5;5;4;3;4;4;5;0;4;3;2;3;3;2;1;2;3;3;4;3;4;4;2;3;3;2;2;3;2;3;1;1;2;2
"40";4;4;5;3;5;3;4;3;3;4;2;2;1;1;0;5;3;2;5;1;3;4;4;5;2;3;5;3;4;4;4;3;3;2;2;2;4;4;2;3;1;4;3;4;4;2;4;2;4;4;2;4;3;3;1;4;4;4;2;3;3;3;2;5;4;3;3;3;2;4;4;2;2;5;4;5;2;3;4;4;4;4;3;4;3;2;5;4;5;4;2;1;4;4;0;1;0;0;0;1;5;4;4;2;2;4;5;3;2;2;2;1
"41";3;5;4;4;5;3;5;4;4;5;3;2;4;5;4;0;4;5;4;4;5;5;4;4;4;4;3;3;3;2;3;3;3;3;3;3;5;5;4;2;2;4;5;5;5;4;5;5;4;5;4;4;5;4;5;4;5;4;5;4;4;4;5;4;5;5;4;5;5;5;4;4;4;5;4;5;4;5;4;5;5;5;4;5;5;5;4;3;2;3;3;0;4;4;1;1;1;1;0;3;5;5;4;1;0;0;0;0;1;2;2;4
"42";1;2;1;1;2;2;1;1;0;0;0;0;1;0;2;1;1;1;0;1;2;0;1;0;2;0;1;2;1;0;2;1;1;2;2;1;1;1;2;1;1;1;1;1;2;1;2;2;2;0;1;1;1;2;1;1;1;1;1;1;0;1;2;1;1;2;1;0;2;2;1;1;1;1;1;1;0;1;1;1;1;2;1;2;1;1;2;2;1;2;2;0;2;1;1;0;2;1;1;2;2;1;2;2;3;3;4;3;2;2;2;1
"43";3;3;4;4;4;2;5;4;4;2;1;1;2;0;1;3;2;3;1;0;1;2;4;3;3;3;1;2;2;2;2;3;3;3;4;2;3;1;4;3;1;1;1;3;3;3;1;2;4;3;3;2;2;4;3;2;2;3;2;2;4;2;2;5;0;1;2;2;0;2;2;0;3;3;3;3;3;2;1;0;3;3;2;3;2;1;3;2;1;2;2;1;4;5;0;0;2;2;3;3;4;5;4;1;0;0;0;0;2;2;2;3
"44";4;5;4;5;5;4;5;5;4;3;4;4;3;2;3;3;3;4;3;1;3;4;4;4;3;3;4;4;4;3;4;3;3;3;4;3;3;5;5;4;3;2;4;4;4;4;5;4;3;3;4;4;5;4;3;3;5;4;2;1;3;4;4;5;5;4;4;5;5;3;4;4;4;5;4;2;1;1;3;2;5;5;3;4;3;0;4;2;0;1;2;4;3;4;2;4;4;4;4;5;4;4;4;2;3;5;3;5;2;3;2;3
"45";4;5;4;4;4;2;5;4;4;2;2;3;2;3;4;3;3;4;4;5;4;3;3;5;2;5;4;5;5;5;3;4;3;4;2;2;3;2;3;3;2;3;3;3;1;3;3;4;2;2;5;4;2;1;3;4;3;4;2;2;5;2;1;2;4;2;1;4;3;3;3;1;3;4;4;2;0;0;3;3;2;4;2;1;4;2;4;3;2;3;2;0;5;3;2;2;4;4;2;1;4;5;4;2;2;3;3;3;1;5;2;4
"46";2;5;4;5;5;2;4;5;4;5;2;3;5;5;5;1;5;5;4;5;5;4;5;5;4;4;2;2;2;3;2;2;3;3;3;3;4;4;4;3;2;4;4;4;5;5;5;5;5;5;4;4;4;5;5;4;5;4;5;4;5;5;5;5;5;5;4;4;4;5;4;4;4;5;5;5;4;5;4;4;5;5;5;5;4;5;4;2;3;3;3;1;4;4;0;1;1;0;1;2;5;5;5;1;0;0;0;0;1;2;2;4
"47";4;3;5;4;4;4;5;4;5;2;3;3;4;4;2;1;4;3;5;0;0;5;5;4;4;0;5;0;2;2;2;3;3;3;3;3;4;4;4;5;4;4;5;4;2;3;4;3;4;0;4;3;2;3;4;4;4;3;3;4;4;4;3;3;2;3;2;2;3;2;3;3;4;4;5;4;5;2;3;5;2;4;2;3;2;5;3;4;3;3;1;0;4;4;2;1;3;2;1;4;3;2;3;2;4;4;3;4;1;2;2;0
"48";3;4;4;5;4;4;5;4;5;4;4;5;5;5;3;1;3;4;5;4;4;4;4;5;5;5;5;4;1;1;3;4;5;5;5;5;4;5;4;5;5;5;4;4;4;5;5;4;4;4;4;4;5;5;3;5;5;5;3;4;4;5;5;4;5;5;5;4;4;4;4;4;3;4;4;3;2;3;5;4;4;4;4;5;4;2;5;3;5;4;0;2;4;2;3;2;2;2;0;2;4;3;3;2;3;5;3;3;1;1;3;3
"49";2;2;4;3;3;4;5;3;5;3;3;3;2;3;3;3;4;4;4;5;5;4;3;4;4;4;2;4;2;3;3;4;3;3;3;3;4;5;3;3;4;4;3;4;4;2;4;3;3;3;3;4;3;4;2;3;3;4;4;3;4;4;3;3;3;3;4;4;3;4;4;3;5;4;4;4;2;3;5;5;4;3;2;2;2;0;3;3;1;2;2;2;4;5;4;2;3;4;3;4;4;4;3;2;3;3;4;5;2;2;2;0
"50";5;4;4;5;4;4;3;4;3;3;3;3;3;2;2;3;3;5;5;4;4;4;5;5;4;5;3;3;4;4;4;4;4;5;5;4;3;5;5;5;5;4;5;4;3;4;4;4;3;3;5;4;4;3;4;5;4;4;5;5;5;5;3;4;4;5;2;5;5;4;5;4;5;5;2;2;1;4;5;4;2;5;4;3;4;2;4;3;5;2;4;1;3;5;4;3;4;3;2;4;5;5;5;1;0;0;0;0;1;1;2;3
"51";4;5;3;4;3;4;4;4;4;2;4;4;4;3;3;4;3;4;5;4;4;3;4;2;5;5;4;5;5;4;5;4;4;4;5;4;4;5;5;4;4;2;3;3;3;3;5;5;4;5;4;4;4;4;3;4;4;3;3;4;4;3;1;4;3;3;3;2;4;4;4;3;4;4;5;5;3;3;4;3;1;4;4;2;2;4;5;4;5;5;1;0;4;5;0;1;2;0;1;2;4;5;5;1;0;0;0;0;1;2;2;4
"52";4;5;4;4;4;5;4;5;4;3;4;4;4;4;4;1;4;3;5;5;5;4;4;5;5;4;4;4;2;1;2;4;5;5;5;5;4;5;5;4;4;4;5;4;4;4;5;4;4;4;4;5;4;5;3;5;5;4;4;3;3;4;4;5;4;4;4;5;4;5;4;4;3;4;5;3;3;3;5;5;4;5;4;4;5;2;4;4;4;4;0;1;5;2;3;2;1;2;0;3;4;3;3;2;4;5;3;3;1;1;3;3
"53";3;3;4;3;2;2;5;4;5;2;1;2;2;2;2;4;4;2;2;3;3;3;3;4;4;3;4;5;2;4;2;3;4;4;4;4;4;4;4;4;4;5;5;4;4;4;4;3;2;1;4;4;2;2;5;4;3;4;4;4;2;2;1;3;4;4;1;3;2;4;5;3;2;3;4;2;2;3;4;3;3;3;4;3;4;0;3;3;2;2;4;4;3;4;2;1;5;5;5;4;4;3;2;2;3;4;4;3;2;2;2;3
"54";3;3;5;3;3;4;5;4;5;3;3;3;3;4;3;3;4;5;5;5;5;4;3;5;5;4;3;4;3;3;4;4;4;4;4;4;5;5;4;4;4;4;4;5;5;3;4;4;4;4;4;5;4;4;3;4;3;4;5;4;4;4;3;4;4;4;4;4;4;4;4;4;5;5;5;4;3;3;5;5;4;3;3;3;3;0;3;3;2;3;3;3;5;5;4;3;4;4;4;4;4;4;4;2;4;4;5;5;2;2;2;0
"55";5;5;5;4;4;5;4;3;4;3;4;4;3;3;4;3;4;4;5;5;5;5;4;5;5;5;5;3;1;1;1;5;5;5;4;5;5;4;4;5;4;3;5;3;4;5;5;5;5;5;5;5;5;5;5;5;5;5;4;4;4;5;4;4;5;5;5;5;5;5;5;5;5;4;5;5;5;5;5;5;5;5;4;5;5;0;5;1;2;1;3;1;5;5;4;2;5;5;5;5;5;5;5;2;5;5;3;3;1;2;2;3
"56";5;3;5;5;5;3;4;4;4;2;3;4;1;2;1;5;4;5;3;5;2;4;5;4;2;5;3;5;4;4;5;3;3;3;4;4;4;4;3;3;5;4;5;4;3;3;5;4;3;5;4;3;2;4;4;4;4;3;3;4;3;3;2;4;5;4;3;4;5;5;4;3;4;4;3;5;4;4;5;5;4;4;4;3;4;0;3;3;3;3;2;3;1;1;3;3;3;4;5;5;3;2;2;2;3;3;3;3;1;1;2;2
"57";4;4;4;4;4;5;5;5;4;3;5;4;4;4;4;0;5;5;5;4;4;5;4;4;5;4;5;4;2;2;3;4;5;5;4;4;5;4;5;5;4;4;3;1;4;3;3;2;4;4;3;4;4;3;5;5;5;4;4;5;5;5;4;5;3;3;4;3;4;3;2;5;4;4;5;3;2;3;3;3;5;3;2;4;3;2;4;3;4;4;1;1;5;4;1;1;0;1;0;1;4;4;5;1;0;0;0;0;1;2;2;4
"58";2;4;4;5;5;4;4;4;1;4;4;4;3;3;2;4;3;5;4;4;2;3;4;1;4;4;3;5;4;4;3;5;4;3;4;4;4;4;3;0;1;3;4;5;3;4;5;5;3;2;1;4;5;1;3;4;4;3;3;4;5;3;1;5;4;4;4;4;2;4;3;5;5;4;4;2;2;4;5;5;0;5;5;2;2;4;4;4;4;5;1;1;5;5;2;4;0;5;1;1;5;5;4;1;0;0;0;0;2;1;2;4
"59";3;4;4;3;2;1;4;5;5;3;1;2;1;3;3;3;3;2;3;3;3;3;4;4;4;4;4;5;2;3;3;3;4;3;4;4;3;5;4;3;3;5;4;5;5;4;3;3;1;2;5;4;2;3;4;4;3;4;4;3;2;2;1;3;3;4;1;3;1;4;5;3;2;3;4;3;3;3;3;4;3;3;4;3;3;0;4;3;2;2;4;3;4;3;3;1;4;4;5;5;4;4;2;2;2;4;3;4;2;2;2;3
"60";3;5;4;3;4;2;4;4;5;2;3;3;3;3;4;3;3;4;4;4;3;4;4;4;3;4;4;5;4;5;3;5;3;4;2;3;3;3;3;3;2;3;3;2;1;4;4;4;3;2;4;3;3;2;4;4;3;3;2;3;5;2;1;2;3;1;1;4;4;2;2;1;3;5;4;3;1;0;3;3;1;3;2;1;4;2;4;3;3;2;1;1;4;3;1;2;3;3;2;2;5;5;5;2;2;3;4;3;1;5;2;4
"61";4;4;4;4;3;5;5;5;4;2;3;3;3;3;3;4;3;4;4;4;5;4;5;3;5;5;5;4;4;4;4;5;5;4;4;5;4;5;4;4;5;2;2;4;2;4;4;4;5;5;5;5;5;4;4;4;4;4;3;4;4;3;1;4;3;3;2;2;4;3;5;4;4;3;4;5;4;3;3;3;2;4;3;1;2;4;5;4;5;4;2;1;4;5;1;2;2;0;2;1;4;4;5;1;0;0;0;0;1;2;2;4
"62";5;3;5;4;4;3;4;5;5;3;3;4;1;1;1;4;4;4;4;5;3;3;5;5;1;4;3;5;4;5;4;2;2;2;5;5;4;4;3;4;4;3;4;5;4;2;5;4;3;5;5;4;3;5;4;3;3;4;2;3;4;3;3;4;4;5;3;3;5;5;4;2;5;4;3;5;5;3;5;4;4;3;3;3;4;0;4;3;2;3;3;2;1;1;3;4;3;3;5;4;2;3;3;2;3;3;3;2;1;1;2;2
"63";4;3;5;5;4;4;4;3;4;3;3;1;4;3;5;4;4;3;3;4;4;2;3;2;4;4;5;4;4;4;4;4;5;5;4;4;5;3;4;4;4;3;2;3;3;2;3;3;1;1;1;1;1;2;3;5;4;3;4;4;4;2;0;5;4;4;3;2;5;3;5;2;4;5;4;2;3;2;4;3;3;4;2;4;5;2;4;2;4;3;4;2;4;5;3;4;5;4;3;5;4;3;3;2;3;4;3;1;2;1;2;1
"64";4;4;4;5;4;5;5;5;5;2;4;2;4;3;4;2;4;4;5;4;4;5;5;4;5;5;4;5;5;4;4;4;5;4;4;5;5;5;3;4;2;5;5;5;5;4;5;4;5;5;3;3;4;4;5;5;4;5;2;1;1;5;3;4;5;4;4;4;4;4;4;4;3;3;4;4;5;3;5;3;4;4;4;3;4;3;4;4;4;4;0;0;5;4;1;0;0;0;0;0;5;4;5;2;3;3;5;4;2;2;2;3
"65";4;3;4;4;4;4;5;3;4;3;2;2;4;2;5;5;4;4;2;5;4;3;4;3;3;5;5;4;5;5;3;4;4;4;4;4;4;3;3;4;3;3;2;3;3;2;2;3;2;2;2;2;2;2;4;4;5;3;5;3;5;2;1;4;4;4;2;3;5;3;4;2;3;4;4;3;4;1;4;3;2;4;1;4;4;2;4;2;5;2;4;2;4;5;4;4;4;5;4;4;3;4;3;2;4;5;2;2;2;1;2;1
"66";3;1;3;4;4;4;3;2;4;3;2;3;2;3;3;4;3;3;4;4;4;3;4;4;3;5;4;2;4;4;4;1;5;3;3;1;5;4;4;3;2;3;4;2;3;2;3;2;2;2;4;3;2;3;3;4;4;4;4;4;4;3;3;4;4;3;3;3;5;3;4;2;4;4;4;2;2;2;2;1;2;4;3;2;4;3;5;4;2;4;2;2;5;4;3;2;2;4;3;3;3;2;2;1;0;0;0;0;1;3;2;4
"67";3;4;4;4;3;2;5;5;5;2;1;2;1;0;1;4;2;4;2;1;1;2;3;3;2;4;2;2;1;2;1;4;3;4;3;3;3;1;4;4;2;1;1;3;4;3;1;2;4;3;3;3;2;4;3;1;2;3;1;2;4;1;2;4;1;0;1;2;0;2;1;1;2;2;4;3;2;2;1;0;3;3;3;3;1;1;4;1;2;2;1;2;3;4;0;1;2;1;2;3;5;5;5;1;0;0;0;0;2;2;2;3
"68";4;3;5;5;4;4;4;3;5;4;3;2;3;3;3;3;2;5;4;3;2;4;3;5;3;3;4;5;4;5;3;4;4;4;5;4;3;3;5;4;4;1;0;0;1;5;4;4;3;3;3;0;0;1;3;2;3;2;2;4;4;5;5;5;2;3;3;3;5;4;1;1;0;3;3;2;2;2;5;4;0;2;1;0;3;0;5;5;4;4;1;1;4;5;1;0;1;1;1;3;4;4;4;1;0;0;0;0;1;4;2;0
"69";5;4;4;4;3;3;4;3;5;2;2;2;4;3;4;5;4;4;2;4;5;2;3;2;4;4;4;4;5;5;4;4;5;4;3;4;5;3;4;4;4;3;3;4;4;3;3;2;1;2;1;2;1;1;3;4;4;3;4;4;4;1;0;4;4;4;2;3;5;3;4;3;4;4;3;2;3;1;4;3;3;4;2;4;4;2;4;3;5;2;4;3;4;4;3;3;4;4;4;4;3;3;2;2;3;5;3;1;2;1;2;1
"70";4;5;4;5;4;5;4;4;4;2;4;2;4;4;3;2;5;5;5;5;4;4;5;5;5;4;4;5;4;5;5;4;5;5;4;5;4;5;3;4;2;4;5;5;5;5;5;5;5;4;3;4;3;4;5;4;4;4;1;1;1;5;3;3;5;5;5;4;3;4;3;4;4;4;4;4;5;4;5;3;4;4;4;4;4;3;4;4;4;5;1;1;4;5;1;1;0;1;1;1;5;4;5;2;3;3;5;4;2;2;2;3
"71";5;2;5;4;3;5;4;5;4;3;4;3;4;3;3;0;4;3;5;0;0;5;5;4;5;0;4;1;3;2;2;2;3;2;3;2;4;4;4;4;4;4;4;5;2;2;4;3;4;1;3;2;2;3;3;3;3;3;3;3;5;3;2;3;3;3;3;3;3;2;3;3;3;3;4;4;4;3;3;5;3;3;3;3;3;5;4;4;3;3;1;1;4;4;2;2;3;2;1;3;2;2;2;2;4;3;3;4;1;2;2;0
"72";2;4;3;3;5;4;3;5;5;3;3;2;1;1;0;3;2;3;4;4;3;3;4;3;2;3;2;4;4;5;4;4;2;3;3;2;3;3;5;2;1;4;4;4;4;2;4;4;1;1;1;1;1;2;3;4;3;3;4;4;4;4;3;3;1;1;1;1;2;2;3;1;2;4;5;5;5;2;3;2;2;5;3;3;4;2;1;4;4;5;2;0;5;4;0;0;1;0;0;0;2;3;1;1;0;0;0;0;1;1;2;4
"73";4;4;5;5;4;5;5;5;5;4;4;5;4;5;4;4;4;5;5;5;5;5;5;5;5;5;5;5;5;5;3;5;5;5;5;5;5;5;3;3;3;3;4;5;4;3;4;3;4;4;4;3;4;4;4;5;5;5;4;3;4;3;2;4;4;4;4;5;5;5;5;4;4;5;5;4;4;2;5;5;3;5;5;2;3;0;4;2;3;2;4;1;5;5;2;5;5;5;4;5;5;5;5;2;4;5;5;5;2;1;1;3
"74";5;4;5;5;5;3;5;5;5;3;4;4;2;2;2;5;4;5;4;5;3;4;5;5;2;5;4;5;5;5;5;3;3;3;5;5;5;5;4;4;5;4;5;5;4;3;5;5;4;5;5;4;3;5;5;4;4;4;3;4;4;4;3;4;5;5;4;4;5;5;4;3;5;4;4;5;5;4;5;5;5;4;4;4;5;0;4;3;3;3;3;3;2;2;4;4;4;4;5;5;3;3;3;2;3;3;3;3;1;1;2;2
"75";3;5;4;4;3;5;4;5;5;3;4;3;4;4;3;5;3;5;4;5;4;3;4;3;5;5;5;4;4;4;4;4;4;4;4;5;4;5;5;4;5;2;3;4;2;3;4;4;4;5;5;4;4;5;3;3;3;4;3;4;3;3;0;3;3;3;2;3;4;3;4;3;4;4;4;5;4;3;4;3;1;4;3;2;3;4;4;5;5;5;1;1;5;4;0;2;1;1;1;1;4;5;5;1;0;0;0;0;1;2;2;4
"76";5;5;5;4;5;3;5;4;4;4;3;3;1;1;1;5;3;2;5;2;4;4;5;5;3;4;5;4;5;5;5;3;3;3;2;3;4;4;3;3;2;5;3;4;4;3;4;3;4;4;3;4;4;4;1;5;5;5;2;3;4;4;3;5;5;4;4;3;3;4;4;2;3;5;5;5;3;4;4;4;4;4;4;4;3;2;5;5;5;5;2;1;5;5;1;1;1;1;1;1;5;5;5;2;3;4;5;3;2;2;2;1
"77";5;4;5;5;4;5;4;4;5;5;4;5;4;3;4;3;4;2;4;5;4;4;5;4;4;4;4;5;5;4;4;4;5;5;4;1;5;5;4;4;4;4;4;5;4;3;4;5;5;4;2;4;5;4;3;4;5;4;4;5;4;4;3;5;3;3;5;4;4;1;3;4;4;5;5;5;5;2;4;4;5;4;4;4;4;5;4;5;5;4;0;0;4;4;1;1;1;1;0;0;4;4;5;2;3;4;4;4;1;1;2;4
"78";4;2;2;3;4;5;3;4;3;2;2;3;3;3;4;3;3;3;4;3;3;4;5;3;2;3;4;3;4;4;4;3;3;3;3;2;3;3;4;3;4;2;3;2;3;2;3;2;3;3;1;2;1;1;4;3;4;4;4;3;4;3;3;4;1;3;2;3;4;3;4;2;2;4;4;3;3;2;2;3;3;2;2;3;3;5;4;3;5;4;4;1;4;5;2;2;3;1;2;2;3;4;3;1;0;0;0;0;1;1;2;0
"79";4;4;4;5;4;5;4;4;5;4;4;4;5;5;4;0;5;5;5;5;5;5;5;4;5;5;5;5;2;3;3;5;5;5;4;4;5;4;5;4;4;4;3;2;3;2;2;3;3;4;4;3;3;3;5;4;4;5;5;4;4;5;4;4;3;2;3;4;4;2;2;5;4;5;4;4;2;3;4;4;5;3;2;4;3;2;4;3;5;4;0;0;4;5;0;0;0;1;1;0;4;4;5;1;0;0;0;0;1;2;2;4
"80";3;3;5;3;4;5;3;3;5;2;3;2;3;3;4;4;2;3;3;5;5;3;4;4;3;2;4;5;4;5;3;3;4;5;4;4;3;4;4;5;4;4;4;4;4;2;1;2;1;1;2;1;1;2;3;5;3;4;4;3;4;2;1;4;4;2;4;3;3;2;4;3;3;4;4;4;4;3;4;3;3;4;1;4;3;0;3;3;5;1;4;3;4;3;2;4;4;4;4;3;4;3;4;2;4;5;3;2;2;1;2;1
"81";4;4;4;3;3;2;5;5;5;3;2;2;2;3;3;4;4;3;3;3;3;3;4;4;4;4;5;5;3;4;3;3;4;4;4;5;4;5;4;4;4;5;5;5;5;4;4;4;2;2;5;4;3;3;5;4;4;4;4;4;3;2;1;4;4;4;2;4;2;5;5;3;3;3;4;3;3;4;4;4;4;4;4;4;4;0;4;3;2;2;4;4;4;4;3;2;5;5;5;5;4;4;3;2;3;4;4;4;2;2;2;3
"82";4;4;5;4;4;4;4;4;4;5;4;5;4;4;3;4;3;3;5;5;5;4;5;4;3;3;5;4;4;5;5;4;5;5;4;1;5;4;5;5;4;4;4;5;4;3;3;5;4;3;3;3;5;4;3;5;5;5;5;4;4;4;4;4;4;3;4;3;3;2;2;4;4;5;5;4;5;3;5;4;5;5;4;5;5;5;5;4;5;5;0;1;4;5;0;1;0;0;0;1;5;5;4;2;3;4;5;5;1;1;2;4
"83";4;4;4;3;3;2;5;5;4;3;2;2;1;2;3;3;3;2;3;3;3;2;3;3;4;4;5;5;2;3;2;3;4;4;3;4;3;5;3;3;4;4;4;4;4;3;3;4;2;2;4;4;2;2;5;3;4;3;3;4;3;1;1;3;4;3;1;3;2;5;4;3;2;3;3;3;3;4;3;4;4;3;4;4;4;0;4;3;2;2;4;3;4;3;3;1;4;5;5;5;4;3;2;2;3;3;3;3;2;2;2;3
"84";4;4;4;3;3;4;3;4;5;2;3;2;2;3;3;3;3;3;3;5;4;3;4;3;4;3;4;5;5;4;3;4;4;5;4;5;2;3;4;5;5;4;4;4;3;1;2;2;2;0;2;2;1;2;4;4;3;5;5;4;4;2;1;5;3;2;3;2;4;3;3;4;2;5;4;4;4;2;3;3;2;3;2;4;2;1;4;3;4;1;3;3;4;3;2;3;4;4;5;3;4;2;4;2;3;5;2;2;2;1;2;1
"85";3;5;3;4;4;5;5;5;5;2;4;4;3;4;3;5;3;5;5;5;5;4;4;2;4;5;4;5;5;4;4;4;5;5;4;4;5;4;4;5;4;3;2;4;3;4;5;5;5;4;4;5;5;5;4;4;4;3;3;3;3;2;0;3;3;3;3;2;3;3;4;4;4;3;4;5;4;3;3;3;1;4;3;1;2;4;4;5;5;5;2;0;5;5;0;2;1;1;1;2;4;4;5;1;0;0;0;0;1;2;2;4
"86";5;4;5;4;4;5;5;4;4;4;4;2;4;3;3;3;2;4;4;3;3;4;4;5;3;3;3;5;4;4;4;4;5;5;5;5;3;3;5;5;3;1;1;1;1;4;3;5;3;3;2;0;0;1;3;2;3;2;3;4;5;5;5;5;2;3;2;3;4;3;2;0;1;4;2;3;3;2;5;4;1;3;1;1;2;0;5;4;5;4;0;1;4;5;1;1;2;1;0;3;4;4;5;1;0;0;0;0;1;4;2;0
"87";5;5;5;5;5;5;5;5;5;5;5;5;5;4;4;4;4;3;5;5;5;5;5;5;4;4;5;5;5;5;5;5;5;5;5;1;5;5;5;5;5;5;5;5;5;4;4;5;5;4;3;4;5;4;4;5;5;5;5;5;5;5;4;5;4;4;5;4;4;2;3;5;5;5;5;5;5;3;5;5;5;5;5;5;5;5;5;5;5;5;1;1;5;5;1;1;1;1;1;1;5;5;5;2;3;5;5;5;1;1;2;4
"88";4;5;4;4;4;5;5;5;5;3;4;5;3;2;2;2;3;4;3;2;4;3;3;4;2;4;3;5;3;2;3;3;3;4;4;3;4;5;4;4;4;2;5;3;3;3;4;3;3;3;5;4;4;4;3;4;4;4;2;2;4;5;5;5;5;3;3;4;5;4;4;3;3;5;3;3;0;1;2;1;4;4;3;4;4;0;3;2;0;2;3;4;2;5;2;3;5;5;4;5;4;5;4;2;2;4;4;4;2;3;2;3
"89";3;4;5;4;5;4;4;4;5;3;5;4;4;4;3;2;3;3;4;5;4;4;4;4;5;5;5;4;2;2;3;4;5;5;4;4;5;4;5;5;5;4;5;4;5;5;5;5;4;3;5;5;4;4;4;5;5;4;3;3;3;4;4;4;5;4;4;5;5;4;5;4;3;4;4;3;2;4;4;5;3;4;4;5;4;2;4;4;4;4;1;1;4;2;2;2;2;2;0;3;4;4;4;2;3;5;4;4;1;1;3;3
"90";5;3;4;4;5;5;4;4;4;4;3;2;4;3;4;2;2;5;4;2;2;4;4;4;2;2;3;4;5;4;4;5;5;5;5;4;3;4;4;4;3;2;1;1;0;4;4;5;4;4;3;0;1;0;4;2;2;2;3;4;4;5;5;5;3;2;2;2;4;3;1;0;0;4;3;3;2;2;5;5;1;2;0;1;3;0;4;4;5;5;0;1;4;5;0;1;2;1;1;3;4;5;4;1;0;0;0;0;1;4;2;0
"91";5;5;4;5;4;3;3;5;3;2;4;3;3;3;3;2;4;5;5;4;4;5;5;4;3;5;2;4;5;4;3;4;5;5;4;4;4;4;4;5;5;5;5;3;3;5;5;4;3;2;4;3;4;2;4;5;4;5;4;5;4;4;2;4;5;4;3;4;5;4;4;4;5;5;3;3;2;5;5;4;3;5;3;3;4;2;4;3;5;1;3;0;4;5;3;2;4;3;3;4;4;5;5;1;0;0;0;0;1;1;2;3
"92";5;4;4;5;5;5;4;4;5;2;4;3;3;3;4;3;5;5;4;5;4;5;5;4;5;4;4;5;4;5;5;4;5;4;5;4;4;4;3;4;3;5;5;5;5;5;4;4;4;5;3;4;4;4;4;4;4;5;1;0;2;4;3;3;5;4;4;4;3;3;3;4;4;3;5;5;4;4;5;4;4;3;3;4;5;3;4;5;4;5;1;1;5;5;0;1;0;0;0;1;4;4;5;2;3;3;5;4;2;2;2;3
"93";2;2;2;2;2;1;2;0;1;0;0;0;1;0;2;1;0;0;0;1;2;0;2;0;2;1;0;2;2;1;1;2;2;2;1;1;2;1;2;2;0;2;1;2;2;1;2;1;2;1;1;1;1;2;1;1;2;2;0;2;0;1;2;2;1;2;0;1;2;2;2;1;2;1;2;1;1;0;2;1;2;1;2;2;1;1;1;2;1;1;1;1;2;2;0;1;2;1;1;2;1;1;2;2;4;3;3;4;2;2;2;1
"94";5;5;5;5;5;5;5;5;5;3;4;3;4;4;4;3;5;5;5;5;5;5;5;5;5;5;4;5;5;5;5;5;5;5;5;5;5;5;4;4;3;5;5;5;5;5;5;5;5;5;4;4;4;4;5;5;5;5;2;1;2;5;4;4;5;5;5;5;4;4;4;4;4;4;5;5;5;4;5;4;5;4;4;4;5;3;5;5;5;5;1;1;5;5;1;1;1;1;1;1;5;5;5;2;3;3;5;5;2;2;2;3
"95";4;4;5;5;4;4;5;4;5;3;4;4;4;4;2;4;5;4;4;2;4;4;5;4;3;4;4;4;5;4;3;4;5;5;3;5;5;5;5;4;4;4;2;4;3;3;3;3;2;1;4;3;2;2;4;3;3;4;4;4;4;1;1;4;4;3;0;4;4;5;3;1;4;4;4;2;3;1;4;2;5;5;3;5;5;0;4;3;2;2;0;0;5;4;0;1;0;1;1;3;4;4;4;2;2;5;3;2;2;2;2;2
"96";1;3;3;5;4;4;4;4;5;3;4;3;4;4;3;4;3;4;4;5;4;4;4;4;3;4;4;0;3;3;3;1;0;1;0;0;5;5;2;4;3;4;1;3;2;3;4;4;2;1;5;1;0;4;2;4;5;5;4;3;4;2;2;4;4;2;2;4;4;5;3;0;1;5;5;3;2;1;5;5;2;4;1;3;0;5;4;4;5;5;1;1;5;5;0;1;1;0;1;0;4;4;5;1;0;0;0;0;1;2;2;4
"97";4;5;5;4;5;4;5;4;4;3;4;4;5;4;3;0;5;4;5;4;4;4;4;5;4;5;4;5;2;3;3;4;5;5;3;4;4;5;5;4;5;5;3;1;3;3;3;3;4;4;3;4;3;4;4;5;4;4;5;4;5;5;4;5;3;2;4;4;3;2;2;5;4;5;4;3;1;3;3;4;4;3;3;3;3;2;5;3;5;4;1;0;5;4;1;1;1;1;0;1;4;4;5;1;0;0;0;0;1;2;2;4
"98";4;2;4;4;4;4;4;3;4;4;3;3;3;4;3;4;3;4;4;4;4;4;4;4;3;5;4;3;5;5;4;1;5;3;3;2;5;4;5;4;3;4;4;3;4;3;3;2;3;3;4;4;3;3;4;5;5;5;5;5;4;3;3;5;4;4;4;4;5;3;5;3;4;5;4;2;2;2;3;2;3;4;4;3;4;3;5;5;3;4;2;2;5;5;4;2;3;4;3;4;4;3;3;1;0;0;0;0;1;3;2;4
"99";5;5;5;4;5;2;5;3;4;3;3;2;0;0;0;4;3;2;5;2;4;4;5;4;2;3;4;4;4;4;5;3;2;3;2;2;4;3;2;2;2;5;3;4;3;3;4;3;3;3;2;4;4;4;1;4;5;4;1;3;3;3;2;5;4;3;3;3;3;3;4;1;3;5;5;4;3;3;4;4;3;4;3;4;2;2;5;5;4;5;2;1;5;5;0;1;0;0;1;1;4;5;5;2;3;4;5;2;2;2;2;1
"100";3;3;4;2;2;1;5;4;5;3;1;2;2;2;3;4;3;3;3;3;2;2;4;3;4;4;4;4;2;4;3;3;3;4;4;4;3;4;4;3;4;5;5;5;5;4;4;4;2;2;5;4;3;3;5;3;4;4;3;3;2;2;1;3;3;3;1;4;1;5;4;3;2;2;4;3;3;4;3;4;3;4;3;4;4;0;3;3;1;2;4;3;3;4;2;2;4;4;5;5;3;4;3;2;2;4;3;4;2;2;2;3
"101";5;4;5;5;5;4;4;5;4;2;4;2;3;4;3;2;5;4;5;5;5;5;5;4;5;5;4;5;5;4;5;4;5;5;5;4;4;4;3;4;2;4;4;4;5;4;4;4;4;4;3;3;4;4;5;5;5;5;2;0;1;5;4;3;4;4;4;4;3;3;3;3;3;3;4;4;4;4;5;4;4;4;3;4;4;3;4;4;5;4;1;0;5;4;1;0;0;0;1;1;4;4;4;2;2;3;5;4;2;2;2;3
"102";5;5;5;5;5;5;5;5;5;4;5;4;5;5;4;1;5;5;5;5;5;5;5;5;5;5;5;5;3;3;3;5;5;5;4;5;5;5;5;5;5;5;4;2;4;3;3;3;4;5;4;4;4;4;5;5;5;5;5;5;5;5;4;5;4;3;4;4;4;3;3;5;4;5;5;4;2;3;4;4;5;4;3;4;4;2;5;3;5;4;1;1;5;5;1;1;1;1;1;1;5;5;5;1;0;0;0;0;1;2;2;4
"103";3;3;4;4;5;3;4;5;5;4;3;3;1;0;0;3;1;3;3;4;3;3;3;3;3;3;2;4;5;4;4;3;2;3;3;3;3;2;5;2;1;5;3;4;3;1;4;3;1;1;0;1;2;2;2;3;4;4;3;4;4;4;2;2;1;2;1;2;2;2;2;1;1;3;5;4;5;3;3;1;2;5;3;3;4;2;1;5;4;5;2;0;5;4;0;0;1;1;0;0;2;2;1;1;0;0;0;0;1;1;2;4
"104";0;4;4;4;5;4;5;4;5;4;3;4;4;4;3;3;4;4;5;5;3;5;5;5;4;5;5;0;3;2;3;0;0;0;1;0;5;5;2;3;3;4;1;2;2;3;4;4;1;0;5;0;0;4;3;5;5;5;3;3;5;2;2;4;3;2;2;4;3;4;2;1;2;5;5;4;3;1;5;4;2;4;2;3;0;5;5;4;4;4;0;1;4;4;1;1;1;1;0;1;4;4;5;1;0;0;0;0;1;2;2;4
"105";5;5;4;5;5;4;4;4;5;3;4;4;3;1;2;3;4;3;4;1;4;3;4;4;3;3;4;5;3;3;3;2;3;3;5;3;3;4;4;3;3;2;5;3;3;4;5;4;4;2;4;4;5;5;4;4;5;5;2;2;4;5;5;4;4;4;3;4;4;3;4;3;3;5;3;2;0;2;3;2;5;4;4;4;4;0;3;2;0;2;3;3;2;5;2;4;4;4;5;4;5;5;4;2;2;4;4;4;2;3;2;3
"106";4;4;5;5;4;5;5;4;5;2;4;5;2;2;2;3;3;3;4;2;3;4;4;3;3;3;4;4;3;3;3;2;3;4;4;4;4;4;4;4;3;2;5;4;3;4;4;3;3;3;5;4;4;5;3;3;4;5;2;2;3;5;5;4;4;4;3;4;4;4;4;3;3;5;3;2;0;1;2;2;5;5;4;5;3;0;4;1;1;1;3;3;2;4;2;3;5;4;4;4;4;5;4;2;2;5;4;5;2;3;2;3
"107";2;5;4;5;5;4;5;5;4;3;3;2;2;2;4;3;4;4;4;5;5;5;4;4;5;4;4;4;2;1;2;4;4;5;4;3;4;4;4;3;4;2;2;2;2;2;4;2;2;4;4;2;1;0;2;2;4;5;1;2;1;2;4;4;3;4;3;4;3;5;4;3;4;5;5;4;4;0;5;4;0;1;1;1;3;5;5;4;4;5;1;1;5;4;0;0;0;1;0;2;4;5;5;1;0;0;0;0;1;2;2;4
"108";5;3;4;4;4;4;5;4;4;2;3;3;4;3;2;1;3;4;5;0;0;5;5;5;5;1;5;1;2;3;3;2;2;2;3;3;4;4;4;4;4;5;5;4;2;2;3;3;3;1;4;2;3;2;4;4;3;3;2;4;4;4;2;4;3;3;3;3;2;3;3;4;3;3;5;5;4;2;4;4;3;3;2;3;2;5;4;3;3;4;1;1;5;5;3;1;3;2;2;3;2;2;3;2;3;4;4;4;1;2;2;0
"109";2;4;4;5;4;4;4;4;5;2;4;3;1;3;5;3;5;4;4;4;5;4;5;5;4;4;3;5;2;2;3;5;4;5;5;3;3;4;4;4;4;2;1;2;1;3;4;2;1;5;3;2;2;1;3;3;4;4;2;2;1;3;4;5;3;4;4;3;4;5;4;3;3;4;5;5;4;0;4;5;0;1;1;1;4;5;5;5;4;5;2;1;5;4;0;1;1;0;1;1;4;5;4;1;0;0;0;0;1;2;2;4
"110";5;4;4;5;4;4;4;5;4;4;5;4;4;4;4;3;3;2;5;5;4;4;5;4;3;4;4;4;5;4;5;4;5;4;5;0;5;4;5;5;5;4;5;4;4;3;4;4;4;3;2;3;4;3;4;4;5;5;4;5;5;5;4;5;3;3;5;4;4;1;3;4;4;5;5;4;5;3;5;5;4;4;5;4;4;5;5;5;5;5;0;0;5;4;1;1;1;0;1;1;4;4;4;2;3;5;4;4;1;1;2;4
"111";4;3;3;4;4;4;3;3;3;2;3;3;4;2;3;3;4;2;4;3;2;4;4;3;3;3;4;2;4;4;4;3;4;3;2;3;3;4;4;3;3;3;3;3;3;3;3;2;3;3;2;1;2;2;4;3;4;3;4;3;4;2;4;4;2;2;3;3;3;2;3;3;3;4;3;3;2;3;2;2;3;2;2;4;3;5;3;4;5;3;4;0;4;4;2;1;2;2;3;2;4;3;4;1;0;0;0;0;1;1;2;0
"112";4;4;4;3;5;3;4;5;5;3;2;3;3;3;5;3;3;5;3;5;3;4;3;4;3;4;3;5;5;4;3;4;4;4;2;2;3;3;3;3;3;3;3;2;2;3;4;3;3;3;5;3;3;2;4;3;3;3;2;3;4;2;0;2;4;2;1;3;4;3;3;1;4;4;4;2;1;0;3;4;1;3;1;2;4;2;3;2;2;2;1;1;4;3;1;1;4;3;1;2;5;4;4;2;3;4;3;3;1;5;2;4
"113";3;2;4;3;4;4;3;3;4;4;3;2;3;3;2;3;3;3;4;3;4;3;4;3;3;4;4;2;5;4;4;0;5;2;2;2;5;3;4;3;2;4;4;2;4;2;2;1;3;3;4;4;2;3;3;4;5;4;5;4;4;3;2;4;3;3;3;4;5;2;5;3;3;5;3;1;2;2;3;1;2;4;4;3;3;3;4;5;3;3;2;2;5;5;3;1;2;4;2;3;4;3;3;1;0;0;0;0;1;3;2;4
"114";4;3;4;5;3;5;5;4;4;3;3;4;4;5;4;3;3;4;5;4;4;4;4;5;4;4;5;4;5;4;2;4;4;4;5;4;5;5;3;3;3;2;4;4;3;2;3;3;4;3;3;2;4;4;4;4;5;5;3;3;3;2;1;4;3;3;4;4;4;5;4;4;4;4;4;4;3;1;5;5;3;4;5;1;2;0;3;1;2;1;4;1;5;5;1;5;4;4;4;5;5;5;4;2;3;5;5;4;2;1;1;3
"115";4;5;5;3;3;5;4;3;4;2;4;4;2;2;4;2;3;3;4;4;4;4;3;5;5;5;4;2;1;0;1;5;5;4;4;5;5;3;3;5;3;2;5;3;3;5;4;5;4;4;5;5;5;4;5;4;5;4;4;3;4;4;3;4;4;4;4;4;5;4;5;5;4;3;5;5;4;5;4;4;4;5;4;4;5;0;4;0;2;0;3;0;5;5;4;1;5;5;4;5;4;5;5;2;4;4;2;3;1;2;2;3
"116";3;4;4;3;4;2;4;4;5;2;2;2;1;0;1;3;2;3;2;1;2;2;3;3;2;4;2;2;1;1;2;3;3;3;4;3;4;2;4;4;1;1;1;4;3;2;1;1;3;4;2;3;1;5;4;1;2;3;1;1;4;1;2;4;0;0;2;2;1;2;1;1;2;2;3;2;3;2;1;1;2;3;3;3;2;1;4;2;2;2;2;2;3;4;0;1;3;1;2;3;4;5;5;1;0;0;0;0;2;2;2;3
"117";3;4;4;4;5;4;4;5;5;4;4;3;1;1;1;4;2;4;4;5;3;3;4;4;3;3;3;5;5;5;5;4;3;3;3;3;3;3;5;3;2;5;4;4;4;2;5;4;2;2;1;1;2;2;3;4;4;4;4;4;4;4;3;3;2;2;1;2;2;3;3;2;2;4;5;5;5;3;3;2;2;5;3;4;4;2;2;5;5;5;2;1;5;5;1;1;1;1;1;1;3;3;2;1;0;0;0;0;1;1;2;4
"118";4;5;5;3;4;5;4;2;4;3;3;4;3;3;4;3;3;3;4;4;5;4;4;4;4;5;5;2;1;0;0;5;4;4;4;4;5;3;3;4;4;2;5;3;4;5;5;4;5;4;5;5;5;5;4;5;5;4;3;4;3;4;3;3;4;4;5;5;5;4;4;5;4;4;5;4;5;5;5;4;4;4;3;5;4;0;4;0;2;1;2;0;5;5;3;2;5;5;5;5;4;5;5;2;4;5;2;3;1;2;2;3
"119";4;3;4;4;3;4;5;3;5;2;2;2;3;2;5;5;3;3;3;4;4;3;4;2;3;5;4;5;4;4;3;3;5;5;3;4;4;3;3;4;3;4;2;3;4;3;2;2;2;1;1;1;1;2;3;4;4;3;4;4;5;2;0;4;4;4;2;3;5;4;5;2;4;4;3;2;4;1;4;4;3;3;2;4;5;2;4;3;4;2;3;3;5;4;4;4;4;5;4;5;4;3;2;2;4;5;2;2;2;1;2;1
"120";5;5;5;5;5;4;4;5;4;3;4;3;4;3;3;3;4;5;5;5;5;5;5;5;4;5;3;4;5;5;4;5;5;5;5;5;4;5;5;5;5;5;5;4;3;5;5;5;4;3;5;4;5;3;4;5;5;5;5;5;5;5;3;5;5;5;3;5;5;5;5;4;5;5;3;3;2;5;5;4;3;5;4;3;5;2;5;4;5;2;4;1;4;5;4;3;4;4;3;4;5;5;5;1;0;0;0;0;1;1;2;3
"121";2;3;4;3;5;3;3;4;5;4;4;3;1;1;0;3;1;4;3;5;3;3;4;3;3;2;2;5;4;4;5;3;3;2;2;2;2;3;5;2;1;5;4;3;4;2;4;4;2;1;0;0;1;2;3;4;3;3;3;3;3;3;2;3;2;2;0;1;1;2;2;2;2;4;5;5;4;3;3;1;2;4;3;3;3;2;2;4;4;5;1;0;4;5;1;1;0;0;1;0;2;2;1;1;0;0;0;0;1;1;2;4
"122";4;3;5;5;4;5;4;4;5;3;4;3;3;4;3;4;5;5;5;2;4;4;5;5;3;5;5;4;4;5;4;3;5;5;3;5;5;4;4;5;3;5;2;5;2;2;4;4;3;1;5;3;2;1;3;3;3;3;4;4;4;1;1;5;5;4;0;5;4;5;3;1;5;4;4;2;3;1;4;2;5;5;3;4;5;0;5;2;2;3;0;0;5;4;1;0;0;0;0;3;5;4;5;2;2;4;3;2;2;2;2;2
"123";4;5;5;5;4;4;4;4;4;2;4;2;3;2;3;2;3;5;4;4;4;4;5;5;3;5;3;4;5;5;4;4;5;4;4;4;4;4;4;5;5;5;4;4;3;5;5;5;3;3;4;4;4;2;4;5;4;5;4;5;5;5;3;5;4;5;2;5;5;5;4;3;5;4;2;3;2;4;5;3;3;5;4;2;4;2;5;4;4;1;3;0;3;5;4;3;4;3;2;4;4;5;5;1;0;0;0;0;1;1;2;3
"124";4;5;4;4;5;5;4;5;4;5;4;5;5;4;3;3;3;2;5;5;4;4;4;4;4;3;5;4;5;5;5;5;5;5;5;1;5;5;4;5;4;5;4;4;5;3;4;5;4;3;2;4;4;3;4;4;4;5;5;4;5;4;3;4;3;4;4;4;3;1;3;5;4;5;5;5;4;2;5;4;5;4;5;4;5;5;5;5;5;5;1;0;4;5;1;1;1;1;0;1;5;4;4;2;2;5;4;4;1;1;2;4
"125";4;5;4;4;3;3;5;4;4;2;3;3;3;2;4;5;3;2;4;1;3;3;3;4;2;2;3;5;5;5;4;3;5;4;4;3;3;5;5;4;3;4;4;4;3;3;4;3;3;3;5;5;2;3;4;5;5;5;4;4;4;4;3;4;4;3;3;3;4;3;3;2;3;5;5;4;2;1;5;4;5;5;4;4;5;1;4;3;4;4;3;3;4;4;4;3;5;5;5;5;5;4;4;2;3;4;5;3;2;3;3;2
"126";5;5;4;4;4;4;3;3;4;2;4;4;3;2;4;3;3;3;5;4;5;4;3;4;4;4;5;2;1;0;0;4;5;4;4;4;4;3;3;5;3;2;4;2;3;4;5;5;4;4;5;5;4;5;5;5;4;5;3;4;3;4;4;3;4;5;4;4;5;4;5;5;4;3;5;4;4;4;5;5;5;4;3;4;4;0;5;1;2;0;2;0;5;5;3;1;5;5;5;4;5;5;4;2;4;4;3;2;1;2;2;3
"127";3;3;4;4;5;4;4;4;2;3;4;4;4;3;1;3;4;4;4;3;2;2;5;1;3;4;4;4;3;3;3;4;5;4;4;4;4;5;3;0;1;3;4;4;3;5;4;5;3;2;1;4;5;2;4;3;3;3;3;4;4;2;1;5;4;4;4;3;3;3;3;4;4;5;4;3;2;4;4;5;1;5;4;2;2;4;4;4;4;5;1;1;4;5;1;4;1;4;1;0;5;5;5;1;0;0;0;0;2;1;2;4
"128";5;5;5;4;3;2;3;4;5;4;5;4;1;3;2;2;3;5;4;5;4;4;4;4;4;4;5;5;5;4;2;5;4;5;4;5;3;4;5;1;3;5;5;5;4;4;4;4;3;4;3;3;3;4;1;5;4;4;5;4;4;5;5;5;3;2;4;2;2;2;3;4;1;2;5;2;2;1;3;3;3;5;4;4;4;3;5;4;5;4;1;2;5;5;3;4;5;0;5;5;4;5;4;2;2;4;2;2;1;1;2;3
"129";4;4;4;4;3;4;4;3;5;3;3;2;3;3;4;4;2;2;4;1;3;4;3;3;3;2;3;5;4;5;4;3;5;3;4;4;3;4;5;5;3;4;3;3;2;3;4;3;2;3;4;5;3;2;5;4;5;4;5;4;5;4;4;5;5;3;3;3;5;3;3;3;3;4;5;3;2;2;4;5;4;5;3;5;5;1;4;2;4;3;3;2;4;4;3;3;4;4;5;4;4;5;5;2;3;5;5;3;2;3;3;2
"130";4;3;4;4;4;5;4;4;5;3;4;4;3;4;4;3;4;5;5;5;4;4;5;5;4;5;4;5;5;5;2;4;5;4;5;4;4;4;2;3;3;3;3;4;4;2;3;3;3;3;3;2;4;3;3;5;4;4;3;3;3;2;2;4;3;3;4;5;5;5;5;3;4;4;4;3;4;1;4;5;3;5;4;2;3;0;4;2;3;2;3;0;5;4;2;4;4;5;3;5;5;4;4;2;3;5;5;5;2;1;1;3
"131";5;4;5;3;5;2;5;3;3;4;2;3;1;1;0;5;2;2;5;1;3;3;4;4;3;4;5;4;4;5;4;2;2;3;1;3;4;4;3;2;2;4;2;4;4;2;4;2;3;4;3;3;3;4;1;4;4;4;2;2;3;4;3;4;5;4;3;3;2;4;4;2;3;4;5;5;2;4;4;4;4;3;4;3;2;2;5;5;4;4;2;0;5;5;0;1;1;0;0;1;5;5;5;2;3;4;5;2;2;2;2;1
"132";3;1;3;3;4;3;3;3;3;3;3;3;2;4;2;3;2;4;3;4;4;3;4;4;3;5;3;3;5;4;3;1;5;3;3;2;5;3;5;4;2;3;4;3;3;2;2;2;3;3;4;4;2;3;4;5;4;4;4;5;4;2;3;4;4;4;4;4;4;3;5;3;3;5;4;2;1;1;2;2;2;4;4;2;3;3;4;5;2;3;2;2;4;5;3;2;2;3;2;4;4;3;3;1;0;0;0;0;1;3;2;4
"133";4;4;5;5;4;4;4;3;4;2;4;2;4;3;4;4;2;2;4;1;3;3;3;4;3;2;4;5;4;4;4;3;5;4;5;3;3;5;5;4;3;3;4;3;3;3;3;4;3;4;5;5;3;3;5;4;4;4;4;4;4;4;3;5;4;4;4;3;5;4;3;3;3;4;4;3;1;1;5;4;5;5;3;4;5;1;4;2;4;4;3;2;4;5;4;2;4;5;5;5;5;5;4;2;3;5;5;4;2;3;3;2
"134";4;5;4;3;5;2;4;4;5;2;3;3;2;3;4;4;4;4;4;4;3;3;4;5;2;4;3;4;5;5;4;5;4;3;3;3;3;2;4;3;2;4;3;2;1;3;3;3;3;2;5;3;3;2;3;3;3;4;3;2;4;2;1;2;3;2;2;3;4;2;3;1;4;4;4;3;0;1;4;4;1;4;2;1;3;2;4;2;3;2;2;0;5;4;2;2;4;3;2;1;5;5;4;2;2;4;3;4;1;5;2;4
"135";2;2;4;3;2;4;4;3;5;3;3;2;3;3;3;2;4;4;5;4;4;4;2;5;4;3;3;4;2;3;3;3;4;3;3;3;5;5;4;4;4;4;3;5;4;2;4;4;4;4;3;5;4;3;2;4;2;4;5;3;4;3;2;3;4;3;4;3;3;4;4;4;4;5;4;4;2;3;5;4;3;3;3;3;2;0;2;3;1;3;3;2;4;4;4;3;4;3;4;3;4;3;3;2;4;3;4;5;2;2;2;0
"136";3;2;2;4;3;4;5;4;4;2;2;1;4;3;4;4;4;4;4;5;4;5;4;3;3;5;4;4;4;4;5;3;5;5;4;5;3;3;3;3;3;5;4;3;3;4;4;3;3;4;4;5;4;4;4;4;5;5;5;5;4;4;4;5;2;3;1;3;4;2;2;2;1;3;4;4;2;1;3;4;3;4;3;3;4;5;5;5;4;4;3;0;5;5;3;1;3;0;3;3;4;5;4;1;0;0;0;0;1;3;2;4
"137";4;5;5;5;3;1;3;5;5;4;5;4;1;2;3;2;3;4;5;4;5;5;4;5;5;4;4;4;5;4;2;4;4;4;4;4;4;4;5;1;3;5;5;4;4;4;4;3;4;3;3;3;3;3;2;4;5;5;4;4;4;5;4;5;3;3;3;2;2;2;2;3;2;3;4;2;2;1;3;3;3;4;4;4;5;3;5;5;4;4;1;2;4;4;3;3;4;0;4;4;4;5;4;2;2;5;2;2;1;1;2;3
"138";0;4;3;5;5;4;5;5;4;4;4;4;4;4;3;4;4;4;5;4;3;4;5;5;3;5;5;0;2;2;3;0;0;1;1;0;5;5;3;3;3;5;1;3;2;4;3;3;1;1;5;0;1;5;2;4;4;5;3;3;5;3;3;4;3;3;3;4;3;5;2;1;2;4;5;3;3;1;4;5;3;5;1;3;1;5;5;4;4;5;1;0;5;4;1;1;1;1;0;1;5;5;4;1;0;0;0;0;1;2;2;4
"139";5;5;5;5;4;4;5;4;5;3;4;3;4;3;4;5;3;3;4;2;3;4;4;4;3;3;4;5;5;5;4;4;5;4;5;4;4;5;5;5;3;4;4;4;3;4;4;4;3;4;5;5;3;3;5;5;5;5;5;5;5;4;4;5;5;4;4;4;5;4;4;3;4;5;5;4;2;2;5;5;5;5;4;5;5;1;5;3;5;4;4;3;4;5;4;3;5;5;5;5;5;5;5;2;3;5;5;4;2;3;3;2
"140";4;3;3;3;4;4;2;3;4;2;3;3;4;3;4;2;3;2;5;4;3;4;5;2;3;2;3;2;4;4;4;4;3;4;2;2;2;3;4;4;4;2;2;3;2;2;3;3;3;3;2;1;1;1;4;4;4;4;4;4;3;2;4;3;1;2;2;4;4;3;4;3;2;3;4;2;3;2;3;3;3;3;1;4;3;5;3;4;4;3;3;0;4;5;3;2;3;2;3;3;3;4;3;1;0;0;0;0;1;1;2;0
"141";3;3;2;4;3;4;3;3;4;2;2;2;3;2;4;3;3;3;5;4;2;4;5;2;2;3;3;2;4;4;4;3;4;4;3;3;3;4;3;3;4;2;3;2;2;3;3;2;3;2;2;2;1;2;4;4;3;4;3;4;4;2;3;4;2;3;2;3;3;2;4;3;3;4;3;2;3;2;2;2;3;2;1;4;3;5;4;4;4;4;3;1;4;5;3;2;2;2;3;2;3;3;3;1;0;0;0;0;1;1;2;0
"142";4;4;5;4;3;3;5;4;4;1;1;1;1;0;1;3;2;4;1;1;2;2;4;4;3;4;2;1;2;1;2;4;2;3;4;3;3;2;4;4;2;1;1;4;3;2;2;1;4;4;2;3;2;5;3;2;3;2;2;2;4;1;1;5;1;0;1;2;0;2;2;0;3;3;3;3;3;2;2;1;3;4;2;3;1;1;3;2;1;3;2;1;3;5;1;0;3;2;3;3;4;4;5;1;0;0;0;0;2;2;2;3
"143";4;5;4;5;4;5;5;5;5;3;4;4;4;4;4;5;4;5;5;5;5;4;5;3;5;5;5;5;5;5;5;5;5;5;5;5;5;5;5;5;5;3;3;4;3;4;5;5;5;5;5;5;5;5;4;4;4;4;4;4;4;3;1;4;3;3;3;3;4;4;5;4;4;4;5;5;4;4;4;4;2;5;4;2;3;4;5;5;5;5;2;1;5;5;1;2;2;1;2;2;5;5;5;1;0;0;0;0;1;2;2;4
"144";5;4;5;5;5;5;5;4;5;4;4;3;4;3;4;3;3;5;5;3;3;5;4;5;3;3;4;5;5;5;4;5;5;5;5;5;4;4;5;5;4;2;1;1;1;5;4;5;4;4;3;1;1;1;4;3;3;3;3;4;5;5;5;5;3;3;3;3;5;4;2;1;1;4;3;3;3;3;5;5;1;3;1;1;3;0;5;5;5;5;1;1;4;5;1;1;2;1;1;3;5;5;5;1;0;0;0;0;1;4;2;0
"145";3;4;4;5;3;5;5;4;4;4;3;5;4;5;3;3;3;4;4;5;5;4;5;5;5;4;4;5;4;4;3;4;5;5;5;5;4;5;2;3;3;3;4;4;3;2;4;2;3;3;3;2;4;3;4;4;5;5;4;3;3;3;2;4;3;3;3;5;5;4;4;3;3;5;5;3;4;1;4;4;2;5;4;1;2;0;3;2;2;2;4;0;4;5;2;5;4;4;3;5;5;4;5;2;4;4;5;5;2;1;1;3
"146";3;5;4;4;4;3;5;4;5;4;2;2;4;4;5;0;5;4;4;4;5;4;5;5;4;4;3;3;2;3;3;2;3;3;3;3;4;5;4;2;2;4;5;5;5;4;4;5;5;5;4;4;4;4;4;4;5;5;5;4;5;4;5;4;4;4;4;4;5;4;4;4;4;5;4;5;5;4;4;4;5;4;4;4;5;5;4;3;3;2;3;1;3;5;1;1;0;1;1;3;4;4;4;1;0;0;0;0;1;2;2;4
"147";4;3;3;4;4;4;5;5;4;2;2;1;4;3;4;5;4;5;5;5;5;5;4;4;4;5;5;5;5;5;5;4;5;5;4;5;4;4;3;4;4;5;5;4;3;4;4;4;3;4;5;5;4;4;5;5;5;5;5;5;5;4;5;5;3;3;2;3;4;3;2;3;2;4;4;4;3;2;4;5;4;5;4;4;4;5;5;5;5;5;3;1;5;5;4;2;4;1;3;4;4;5;4;1;0;0;0;0;1;3;2;4
"148";5;4;5;5;4;4;5;3;5;3;3;2;4;3;5;5;4;4;3;5;5;3;4;3;4;5;5;5;5;5;4;4;5;5;4;5;5;3;4;5;4;4;3;4;4;3;3;3;2;2;2;2;2;2;4;5;5;4;5;4;5;2;1;5;4;4;3;3;5;4;5;3;4;5;4;3;4;2;4;4;3;4;2;4;5;2;4;3;5;3;4;3;5;5;4;4;5;5;4;5;4;4;3;2;4;5;3;2;2;1;2;1
"149";5;4;5;5;4;4;5;4;5;2;4;3;3;3;4;4;2;2;4;1;3;3;4;3;3;3;3;5;4;4;3;4;4;4;4;4;4;4;4;5;2;4;4;3;3;4;4;4;3;3;4;4;3;2;4;5;5;4;4;5;4;4;4;4;4;3;3;3;4;4;4;3;3;4;4;3;2;2;4;5;5;5;3;4;4;1;5;2;5;4;3;2;4;4;4;2;5;4;5;4;4;4;4;2;3;5;5;3;2;3;3;2
"150";4;4;4;5;5;5;4;3;5;3;4;3;3;2;3;2;3;5;4;3;2;5;3;4;2;3;4;5;4;4;4;4;4;5;5;5;3;4;4;4;4;2;1;1;0;5;3;4;3;3;3;1;0;1;4;3;2;3;3;4;5;5;5;4;3;2;3;3;5;4;1;1;1;4;3;3;2;3;5;5;1;2;1;0;3;0;4;5;4;4;1;1;4;5;0;0;2;0;1;3;5;4;5;1;0;0;0;0;1;4;2;0
"151";1;1;1;1;1;2;2;1;0;1;1;0;0;1;1;0;1;1;0;1;2;0;1;0;1;0;1;2;2;1;1;1;2;1;1;1;2;0;1;2;0;1;2;2;2;2;2;2;1;1;2;0;0;2;2;1;2;1;0;2;1;2;1;2;2;1;0;1;2;2;1;1;2;1;1;1;0;0;2;2;1;2;1;2;1;1;2;2;1;2;1;0;1;2;0;1;2;2;2;2;2;1;2;2;3;4;3;4;2;2;2;1
"152";3;2;3;3;4;4;3;3;4;4;3;3;2;3;2;4;3;4;3;4;3;3;4;3;2;4;4;3;5;5;3;0;4;2;3;2;4;4;5;4;3;3;4;2;4;2;2;2;3;2;3;4;3;3;3;4;4;4;4;5;4;3;2;5;3;3;3;3;5;2;4;3;3;4;3;2;1;2;3;2;2;4;4;3;4;3;5;4;3;4;1;2;4;4;3;2;2;3;2;4;4;2;3;1;0;0;0;0;1;3;2;4
"153";3;3;5;4;3;4;3;4;5;2;2;1;3;2;4;4;3;4;2;5;5;3;4;3;3;3;4;4;4;4;3;4;4;4;4;5;2;3;4;4;5;4;4;3;4;2;1;1;1;1;1;1;1;1;3;4;3;5;5;4;4;2;1;4;3;2;3;2;4;3;4;3;2;5;5;4;3;3;3;4;2;3;1;4;3;3;3;3;4;2;4;2;5;4;2;4;3;4;5;3;4;2;4;2;3;4;3;1;2;1;2;1
"154";5;3;4;5;4;3;4;5;4;2;4;3;2;1;2;4;4;5;3;4;3;3;5;5;2;4;4;4;4;4;5;2;2;3;5;5;4;5;3;4;5;3;4;5;4;2;4;5;4;4;4;4;3;5;5;3;4;3;2;4;3;4;3;3;4;5;4;3;4;5;3;3;4;3;3;5;5;3;5;5;4;3;3;3;5;0;3;3;3;2;2;2;2;2;4;4;4;3;4;4;2;2;2;2;2;2;2;2;1;1;2;2
"155";5;2;5;4;4;4;4;5;4;3;3;4;4;4;3;1;3;4;5;0;0;4;4;5;5;1;4;1;3;3;3;2;2;3;3;2;4;5;5;4;4;4;5;4;2;2;3;3;4;0;4;2;2;2;3;4;3;3;2;4;4;3;3;3;2;2;3;2;2;2;4;3;3;3;4;4;5;3;3;4;3;3;3;4;3;5;4;3;4;4;2;0;4;4;2;2;3;2;1;4;3;2;3;2;3;4;4;3;1;2;2;0
